Country,Revenue
United Kingdom,768682.561
Netherlands,27435.829999999998
EIRE,24340.42
France,23606.73
Germany,22389.51
Australia,12429.99
Spain,5600.9
Switzerland,5383.19
Belgium,3593.5099999999998
Portugal,3244.31
